{
    "loss": 0.19702905416488647,
    "accuracy": 0.95652174949646
}